,Distance (Mpc),Time (s),Phase (radians),Larger Mass (solar masses),Smaller Mass (solar masses)
0,4499.999999999999,3.1920834233058213,2.04529730271242,37.10526315789474,35.26315789473684
1,4499.9999999977135,4.4513284725549385,6.283184883031562,50.0,29.736842105263158
2,4499.999999999999,3.3283673452487763,3.8255027201164005,31.57894736842105,27.894736842105264
3,4499.999999999999,1.9681790435546678,3.777976776760288,35.26315789473684,26.05263157894737
4,4448.4924813014,5.979277765135801,0.7019928913673674,50.0,24.210526315789473
5,4499.999999999999,2.6950244494427844,3.6171014265490897,29.736842105263158,15.0
6,3875.432304477035,3.5400559763422805,2.682156908076068,50.0,48.1578947368421
7,3875.432304477035,3.5400559763422805,2.682156908076068,50.0,48.1578947368421
8,4499.999999999999,2.633178093625321,6.283185228558428,46.315789473684205,15.0
