,file,Distance (Mpc),Time (s),Phase (radians),Larger Mass (solar masses),Smaller Mass (solar masses)
0,GW150914_strain.txt,1151.1393015937465,3.1977281585222337,1.8757301816963854e-11,37.10526315789474,35.26315789473684
1,GW170823_strain.txt,4462.136116068351,4.456069147913886,1.1801488562146476e-10,50.0,29.736842105263158
2,GW170814_strain.txt,2227.2900353490886,3.33707790914142,0.5982026528689405,31.57894736842105,27.894736842105264
3,GW170104_strain.txt,2136.039254948208,1.974527942589139,1.4337861766998181,35.26315789473684,26.05263157894737
4,GW151226_strain.txt,4448.002994624699,5.979279245937739,0.7012046162575708,50.0,24.210526315789473
5,GW151012_strain.txt,1988.5213735585332,2.707779883077134,4.547151451155489e-16,29.736842105263158,15.0
6,GW170729_strain.txt,3875.6636309793826,3.540056894957185,2.681377738799191,50.0,48.1578947368421
7,GW170809_strain.txt,3875.6636309793826,3.540056894957185,2.681377738799191,50.0,48.1578947368421
8,GW170818_strain.txt,2136.129601328331,2.6406770908849078,3.216416178672817,46.315789473684205,15.0
